<?xml version="1.0" encoding="UTF-8"?>
<!DOCTYPE suite SYSTEM "https://testng.org/testng-1.0.dtd" >
<suite name="Suite">
  <listeners>
  	<listener class-name = "utilities.ExtentReportManager"/>
  </listeners>
  <test thread-count="5" name="Test">
    <parameter name="browser" value="chrome"/>
    
    
    <classes>
	    <class name="testCases.TC_1_01_ParsingRequiredValuesToTheRespectiveFields"/>
	    <class name="testCases.TC_1_02_DisplayingTheEMIPaymentTable"/>
	    <class name="testCases.TC_2_01_StoringTheYearTableInTheExcel"/>
	    <class name="testCases.TC_3_01_EMICalculator_ValidatingLoanAmountTextBox"/>
	    <class name="testCases.TC_3_02_EMICalculator_ValidatingLoanAmountSlider"/>
	    <class name="testCases.TC_3_03_EMICalculator_IntegressionTestingForLoanAmountTextBoxAndSlider"/>
	    <class name="testCases.TC_3_04_EMICalculator_ValidatingInterestRateTextBox"/>
	    <class name="testCases.TC_3_05_EMICalculator_ValidatingInterestRateSlider"/>
	    <class name="testCases.TC_3_06_EMICalculator_IntegressionTestingForInterestRateTextBoxAndSlider"/>
	    <class name="testCases.TC_3_07_EMICalculator_ValidatingLoanTenureTextBox"/>
	    <class name="testCases.TC_3_08_EMICalculator_ValidatingLoanTenureSlider"/>
	    <class name="testCases.TC_3_09_EMICalculator_IntegressionTestingForLoanTenureTextBoxAndSlider"/>
	    <class name="testCases.TC_3_10_EMICalculator_ValidatingFeesAndChargesTextBox"/>
	    <class name="testCases.TC_3_11_EMICalculator_ValidatingFeesAndChargesSlider"/>
	    <class name="testCases.TC_3_12_EMICalculator_IntegressionTestingForFeesAndChargesTextBoxAndSlider"/>
	    <class name="testCases.TC_3_13_LoanAmtCalculator_ValidatingEMITextBox"/>
	    <class name="testCases.TC_3_14_LoanAmtCalculator_ValidatingEMISlider"/>
	    <class name="testCases.TC_3_15_LoanAmtCalculator_IntegressionTestingForEMITextBoxAndSlider"/>
	    <class name="testCases.TC_3_16_LoanAmtCalculator_ValidatingInterestRateTextBox"/>
	    <class name="testCases.TC_3_17_LoanAmtCalculator_ValidatingInterestRateSlider"/>
	    <class name="testCases.TC_3_18_LoanAmtCalculator_IntegressionTestingForInterestRateTextBoxAndSlider"/>
	    <class name="testCases.TC_3_19_LoanAmtCalculator_ValidatingLoanTenureTextBox"/>
	    <class name="testCases.TC_3_20_LoanAmtCalculator_ValidatingLoanTenureSlider"/>
	    <class name="testCases.TC_3_21_LoanAmtCalculator_IntegressionTestingForLoanTenureTextBoxAndSlider"/>
	    <class name="testCases.TC_3_22_LoanAmtCalculator_ValidatingFeesAndChargesTextBox"/>
	    <class name="testCases.TC_3_23_LoanAmtCalculator_ValidatingFeesAndChargesSlider"/>
	    <class name="testCases.TC_3_24_LoanAmtCalculator_IntegressionTestingForFeesAndChargesTextBoxAndSlider"/>
	    <class name="testCases.TC_3_25_LoanTenureCalculator_ValidatingLoanAmountTextBox"/>
	    <class name="testCases.TC_3_26_LoanTenureCalculator_ValidatingLoanAmountSlider"/>
	    <class name="testCases.TC_3_27_LoanTenureCalculator_IntegressionTestingForLoanAmountTextBoxAndSlider"/>
	    <class name="testCases.TC_3_28_LoanTenureCalculator_ValidatingEMITextBox"/>
	    <class name="testCases.TC_3_29_LoanTenureCalculator_ValidatingEMISlider"/>
	    <class name="testCases.TC_3_30_LoanTenureCalculator_IntegressionTestingForEMITextBoxAndSlider"/>
	    <class name="testCases.TC_3_31_LoanTenureCalculator_ValidatingInterestRateTextBox"/>
	    <class name="testCases.TC_3_32_LoanTenureCalculator_ValidatingInterestRateSlider"/>
	    <class name="testCases.TC_3_33_LoanTenureCalculator_IntegressionTestingForInterestRateTextBoxAndSlider"/>
	    <class name="testCases.TC_3_34_LoanTenureCalculator_ValidatingFeesAndChargesTextBox"/>
	    <class name="testCases.TC_3_35_LoanTenureCalculator_ValidatingFeesAndChargesSlider"/>
	    <class name="testCases.TC_3_36_LoanTenure_CalculatorIntegressionTestingForFeesAndChargesTextBoxAndSlider"/>
	    <class name="testCases.TC_3_37_IntegrationTestingForYearAndMonthOption"/>
    </classes>
  </test> <!-- Test -->
</suite> <!-- Suite -->
